Date,Transport Company,RelationName,RelationCode,Trip Nr,Order Number,External reference,Order type,Customer,Planned Date,Planned Time
10/10/2023,SARGEANT TRANSPORT,PFD LARA BD,(1-BKD803),478045,82483481,',SO,ALP,10/10/2023,12:00:00 PM
10/10/2023,ERH Transport,Woolworths Group Ltd 7992,(1-FFP813),478005,82482784,',SO,ALP,10/10/2023,4:02:00 AM
10/10/2023,ROADMASTER,BAKERS MAISON AUSTRALIA PL,(1-BAK268),478073,82483483,',SO,ALP,10/10/2023,8:00:00 PM
10/10/2023,ALP ALTONA,ALLIED PINNACLE - ALTONA,(1-ST3700),478085,82483937,',ZNL,ALP,10/10/2023,3:01:00 AM
10/10/2023,RANGI BROTHERS,PFD KNOXFIELD BD,(1-BKD802),478015,82483484,',SO,ALP,10/10/2023,8:01:00 AM
10/10/2023,RANGI BROTHERS,Woolworths Group Ltd 1911,(1-FFP011),478017,82483473,',SO,ALP,10/10/2023,11:03:00 AM
10/10/2023,SAP LOGISTICS,Metcash Frozen QLd,(1-MET070),477994,82482162,',SO,ALP,10/10/2023,6:03:00 AM
10/10/2023,ALP TRUGANINA,RITCHIES DROMANA,(1-RIT839),478314,82484365,',SOG,ALP,10/10/2023,7:30:00 PM
10/10/2023,NETLOGIX,METCASH FROZEN NSW,(1-MET075),478073,82483498,',SO,ALP,10/10/2023,8:00:00 PM
10/10/2023,G and V,GHPL Parkinson 9484GR,(1-GHP013-1),477641,82482161,',SO,ALP,10/10/2023,4:01:00 PM
10/10/2023,BRISBANE REFRIGERATED,GHPL Parkinson 9484GR,(1-GHP013-1),478274,82483934,',SO,ALP,10/10/2023,3:00:00 PM
9/10/2023,SARGEANT TRANSPORT,Metcash Frozen SA,(1-MET060),477780,82481589,',SO,ALP,9/10/2023,7:00:00 AM
9/10/2023,SARGEANT TRANSPORT,WOOLWORTHS GROUP LTD 5998,(1-FFP800),477827,82482786,',SO,ALP,9/10/2023,5:00:00 PM
9/10/2023,ERH Transport,GHPL Laverton 9329FF,(1-GHP006-1),477655,82481570,',SO,ALP,9/10/2023,8:03:00 AM
9/10/2023,ERH Transport,Woolworths Group Ltd 7992,(1-FFP813),477656,82481587,',SO,ALP,9/10/2023,5:01:00 PM
9/10/2023,ERH Transport,Woolworths Group Ltd 7992,(1-FFP813),477657,82481592,',SO,ALP,9/10/2023,12:03:00 PM
9/10/2023,ROADMASTER,SUPERIOR FOOD SERVICES CENTRAL COAST BD,(1-SUP854),477699,82482770,',SO,ALP,9/10/2023,8:00:00 PM
9/10/2023,SCT LOGISTICS,ALLIED PINNACLE - KEWDALE,(1-0000008200),477741,82482933,',ST,ALP,9/10/2023,12:01:00 AM
9/10/2023,SCT LOGISTICS,BIDFOOD MALAGA,(1-BID220),478091,82483940,',SO,ALP,9/10/2023,10:00:00 PM
9/10/2023,SCT LOGISTICS,EMERGENT COLD - QLD,(1-0000004355),477742,82482934,',ST,ALP,9/10/2023,1:01:00 AM
9/10/2023,AUSTRACOLD,Dominos Pizza D004 VIC,(1-DOM813-1),477698,82482769,',SO,ALP,9/10/2023,4:03:00 PM
9/10/2023,ALP ALTONA,ALLIED PINNACLE - ALTONA,(1-ST3700),477743,82482791,',ZNL,ALP,9/10/2023,3:00:00 AM
9/10/2023,RANGI BROTHERS,Allied Pinnacle-NewCold Chilled,(1-0000003680),477694,82482169,',ST,ALP,9/10/2023,3:02:00 PM
9/10/2023,RANGI BROTHERS,Metcash Frozen VIC,(1-MET080),477689,82482771,',SO,ALP,9/10/2023,9:03:00 AM
9/10/2023,RANGI BROTHERS,Woolworths Group Ltd 1911,(1-FFP011),477686,82482521,',SO,ALP,9/10/2023,1:02:00 PM
9/10/2023,RANGI BROTHERS,Woolworths Group Ltd 1911,(1-FFP011),477692,82482539,',SO,ALP,9/10/2023,2:03:00 PM
9/10/2023,SAP LOGISTICS,Woolworths Group Ltd 2011,(1-FFP814),477669,82481582,',SO,ALP,9/10/2023,11:03:00 AM
9/10/2023,ALP TRUGANINA,LA MADRE BAKERY,(1-LAM809),478034,82483520,',SOG,ALP,9/10/2023,7:30:00 PM
8/10/2023,SARGEANT TRANSPORT,BIDFOOD LOGISTICS TRUGANINA YUM,(1-3000018994),477706,58719430,'P7704084.MBQ,SO,McCain AUS,8/10/2023,6:01:00 AM
8/10/2023,SARGEANT TRANSPORT,IGA Distribution Laverton North 088,(1-10312336),477648,7809008793,'330324,SO,MARS,8/10/2023,12:00:00 PM
8/10/2023,SARGEANT TRANSPORT,WOOLWORTHS DRY CREEK,(1-1000110218),477249,58719545,'0106877548,SO,McCain AUS,8/10/2023,8:02:00 AM
8/10/2023,AMERICOLD LAVERTON,AMERICOLD LOGISTICS LIMITED VIC YUM,(1-1001230102),477667,58719503,'103290,SO,McCain AUS,8/10/2023,10:00:00 AM
8/10/2023,SCT LOGISTICS,PFD Perth,(1-2588835),477731,19111354,'0010105082,SO,PETERS,8/10/2023,8:02:00 PM
31/12/2023,ERH TRANSPORT,Woolworths Ltd,(1-3300913),494254,19488240,'0010108231,SO,PETERS,31/12/2023,9:01:00 AM
31/12/2023,SARGEANT TRANSPORT,GHPL Edinburgh Park 9521GR,(1-GHP014-1),494633,82532596,',SO,ALP,31/12/2023,11:00:00 AM
31/12/2023,SARGEANT TRANSPORT,METCASH - HUNTINGWOOD,(1-1000110025),494269,59004873,'274818,SO,McCain AUS,31/12/2023,12:01:00 PM
31/12/2023,SARGEANT TRANSPORT,PFD FOOD SERVICES ALBURY,(1-1000110114),494272,59005282,'PU582054,SO,McCain AUS,31/12/2023,7:00:00 AM
31/12/2023,SARGEANT TRANSPORT,PFD FOODSERVICE CHULLORA QSRH,(1-1001216382),494271,59000855,'PD598071,SO,McCain AUS,31/12/2023,6:01:00 AM
31/12/2023,AMERICOLD MURARRIE,AMERICOLD LOGISTICS LIMITED QLD YUM,(1-1000110190),494236,58962035,'189615,SO,McCain AUS,31/12/2023,6:02:00 AM
31/12/2023,AMERICOLD MURARRIE,AMERICOLD MURARRIE,(1-IS3211),494248,59005863,'6502401983,SO,McCain AUS,31/12/2023,8:00:00 AM
31/12/2023,BLENNERS TRANSPORT,Woolworths Ltd (Heathwood Dist cnt),(1-8000198),494666,19495468,'0010108252,SO,PETERS,31/12/2023,11:00:00 AM
31/12/2023,BLENNERS TRANSPORT,Woolworths Ltd (Heathwood Dist cnt),(1-8000198),494246,19503409,'0010108304,SO,PETERS,31/12/2023,1:00:00 PM
31/12/2023,SAP LOGISTICS,Woolworths Group Ltd 2011,(1-FFP814),494211,82531780,',SO,ALP,31/12/2023,10:00:00 AM
31/12/2023,FARRAGHER,SPAR AUSTRALIA LIMITED,(1-3000009070),494248,58982549,'PO00248843,SO,McCain AUS,31/12/2023,8:00:00 AM
31/12/2023,FARRAGHER,SUPERIOR FOOD SERVICES NSW HJ,(1-1001210016),494296,59006085,'2177126,SO,McCain AUS,31/12/2023,10:00:00 AM
31/12/2023,VINCENT/TASMAN,Americold Prospect DC 1911,(1-10323678),494281,7809631312,'0107224035,SO,MARS,31/12/2023,12:00:00 PM
31/12/2023,AMERICOLD ARNDELL PARK,AMERICOLD-ARNDELL PARK,(1-IS3210),494270,59005862,'6502401985,SO,McCain AUS,31/12/2023,9:00:00 AM
31/12/2023,LINDSAY,GROCERY HOLDINGS ARNDELL PARK,(1-1001079405),494618,59009281,'R-42751134A,SO,McCain AUS,31/12/2023,6:00:00 AM
31/12/2023,ALDI MINCHINBURY,ALDI STORES - MINCHINBURY,(1-1000110002),494658,58988047,'553366,SO,McCain AUS,31/12/2023,2:00:00 PM
31/12/2023,RON FINEMORE,WOOLWORTHS HEATHWOOD,(1-1001228942),494238,58977771,'0107219228,SO,McCain AUS,31/12/2023,12:02:00 PM
31/12/2023,SLR PETERS,Grocery Holdings Pty Ltd,(1-2783119),494616,19513236,'0010108362,SO,PETERS,31/12/2023,8:00:00 AM
30/12/2023,ERH TRANSPORT,Grocery Holdings Pty Ltd,(1-3763938),494592,19513233,'0010108361,SO,PETERS,30/12/2023,5:00:00 AM
30/12/2023,AMERICOLD MURARRIE,AMERICOLD HJ S,(1-1001231583),494037,59000973,'189511,SO,McCain AUS,30/12/2023,6:01:00 AM
30/12/2023,AMERICOLD MURARRIE,AMERICOLD HJ S,(1-1001231583),494247,59000974,'189512,SO,McCain AUS,30/12/2023,9:00:00 AM
30/12/2023,AMERICOLD MURARRIE,AMERICOLD MURARRIE,(1-IS3211),494234,59005865,'6502401982,SO,McCain AUS,30/12/2023,7:00:00 AM
30/12/2023,BLENNERS TRANSPORT,Americold Queensland,(1-8000126),494245,19377181,'0010107402,SO,PETERS,30/12/2023,5:00:00 PM
30/12/2023,BLENNERS TRANSPORT,IGA DISTRIBUTION CENTRE QUEENSLAND,(1-1000110153),494234,59005069,'278236,SO,McCain AUS,30/12/2023,7:00:00 AM
30/12/2023,BLENNERS TRANSPORT,Woolworths Ltd (Heathwood Dist cnt),(1-8000198),494664,19468422,'0010108103,SO,PETERS,31/12/2023,7:00:00 AM
30/12/2023,BLENNERS TRANSPORT,Woolworths Ltd (Heathwood Dist cnt),(1-8000198),494242,19485628,'0010108192,SO,PETERS,30/12/2023,1:00:00 PM
30/12/2023,BLENNERS TRANSPORT,Woolworths Ltd (Heathwood Dist cnt),(1-8000198),494241,19485631,'0010108195,SO,PETERS,30/12/2023,11:00:00 AM
30/12/2023,NETLOGIX,GHPL Arndell Park 9266DY,(1-GHP017-1),494230,82531769,',SO,ALP,30/12/2023,3:01:00 PM
30/12/2023,NETLOGIX,GHPL Arndell Park 9266DY,(1-GHP017-1),494229,82532594,',SO,ALP,30/12/2023,12:01:00 PM
30/12/2023,NETLOGIX,Woolworths Group Ltd 1911,(1-FFP011),494228,82532580,',SO,ALP,30/12/2023,10:01:00 AM
30/12/2023,AUSSIE NORTH TR,Woolworths Group Ltd 7992,(1-FFP813),494217,82532581,',SO,ALP,30/12/2023,4:01:00 AM
30/12/2023,AUSSIE NORTH TR,Woolworths Group Ltd 7992,(1-FFP813),494219,82532582,',SO,ALP,30/12/2023,8:00:00 AM
30/12/2023,AUSSIE NORTH TR,Woolworths Group Ltd 7992,(1-FFP813),494220,82532583,',SO,ALP,30/12/2023,10:02:00 AM
30/12/2023,AUSSIE NORTH TR,Woolworths Group Ltd 7992,(1-FFP813),494218,82532584,',SO,ALP,30/12/2023,5:01:00 AM
30/12/2023,METCASH LAVERTON,IGA DISTRIBUTION CENTRE VICTORIA,(1-1000110099),494187,59004966,'335078,SO,McCain AUS,30/12/2023,4:02:00 AM
30/12/2023,METCASH LAVERTON,IGA DISTRIBUTION CENTRE VICTORIA,(1-1000110099),494576,59008958,'335131,SO,McCain AUS,30/12/2023,4:00:00 AM
30/12/2023,MARTIN-BROWER NSW,MARTIN-BROWER AUST WETHERILL PARK,(1-1001210303),493966,58973326,'1249228,SO,McCain AUS,30/12/2023,1:01:00 PM
30/12/2023,MARTIN-BROWER NSW,MARTIN-BROWER AUST WETHERILL PARK,(1-1001210303),494587,58973327,'1249229,SO,McCain AUS,30/12/2023,8:00:00 AM
30/12/2023,MARTIN-BROWER NSW,MARTIN-BROWER AUST WETHERILL PARK,(1-1001210303),494197,58973330,'1249232,SO,McCain AUS,30/12/2023,11:01:00 AM
29/12/2023,ERH TRANSPORT,Grocery Holdings Pty Ltd,(1-3763938),494249,19503606,'0010108327,SO,PETERS,29/12/2023,4:01:00 AM
29/12/2023,ERH TRANSPORT,Grocery Holdings Pty Ltd,(1-3763938),494250,19512286,'0010108327,SO,PETERS,29/12/2023,3:00:00 PM
29/12/2023,ERH TRANSPORT,Grocery Holdings Pty Ltd,(1-8000000),494255,19503604,'0010108326,SO,PETERS,29/12/2023,1:02:00 PM
29/12/2023,ERH TRANSPORT,IGA Distribution Pty Limited,(1-3894724),494256,19503413,'0010108306,SO,PETERS,29/12/2023,2:01:00 PM
29/12/2023,ERH TRANSPORT,NSW Truck 601,(1-601),494294,19520568,'0008566182,IDV,PETERS,29/12/2023,1:00:00 AM
29/12/2023,ERH TRANSPORT,NSW Truck 601,(1-601),494297,19520617,'0008566207,IDV,PETERS,29/12/2023,4:00:00 AM
29/12/2023,ERH TRANSPORT,Superior Food Services Central C BD,(1-SUP854),494284,82531797,',SO,ALP,29/12/2023,12:01:00 PM
29/12/2023,ERH TRANSPORT,SYDNEY FREEZERS DIST & STORAGE,(1-1000110485),494237,58978478,'SF020124CF,SO,McCain AUS,29/12/2023,11:00:00 PM
29/12/2023,ERH TRANSPORT,Woolworths Ltd,(1-3300913),494253,19495500,'0010108256,SO,PETERS,29/12/2023,10:00:00 AM
29/12/2023,SARGEANT TRANSPORT,ARCTIC FOOD WHOLESALERS HANDLEY,(1-3000022980),494265,59000956,'PO78602,SO,McCain AUS,29/12/2023,5:00:00 AM
29/12/2023,SARGEANT TRANSPORT,BIDFOOD PORT MELBOURNE,(1-1001212305),494303,59005278,'P7797514.PME,SO,McCain AUS,29/12/2023,11:00:00 AM
29/12/2023,SARGEANT TRANSPORT,CADELL TRADING EPPING,(1-1000110093),494222,59005271,'3696125M,SO,McCain AUS,29/12/2023,5:02:00 AM
29/12/2023,SARGEANT TRANSPORT,CADELL TRADING EPPING,(1-1000110093),494302,59005279,'3697142M,SO,McCain AUS,29/12/2023,8:00:00 AM
29/12/2023,SARGEANT TRANSPORT,DEL-RE NATIONAL FOOD GROUP PTY LTD,(1-1000110508),494301,59005839,'626998,SO,McCain AUS,29/12/2023,6:00:00 AM
29/12/2023,SARGEANT TRANSPORT,Drakes Warehouse Frozen,(1-BRA812-1),494262,82532807,',SO,ALP,29/12/2023,3:00:00 AM
29/12/2023,SARGEANT TRANSPORT,Galipo Foods,(1-GAL050-1),494283,82532828,',SO,ALP,29/12/2023,1:01:00 AM
29/12/2023,SARGEANT TRANSPORT,KOSMOS FOOD W/SALERS-DARWIN,(1-1001090560),494282,59000949,'PU581076,SO,McCain AUS,29/12/2023,11:01:00 AM
29/12/2023,SARGEANT TRANSPORT,PFD FOOD SERVICES LARA,(1-1001219546),494011,59000962,'PU581761,SO,McCain AUS,29/12/2023,6:03:00 AM
29/12/2023,SARGEANT TRANSPORT,RICHMOND OYSTERS,(1-1000110543),494268,59005306,'MIC281223,SO,McCain AUS,29/12/2023,7:01:00 AM
29/12/2023,SARGEANT TRANSPORT,SUPERIOR FOOD SERVICES VIC HJ,(1-1001210017),494224,58987682,'3172500,SO,McCain AUS,29/12/2023,9:02:00 AM
29/12/2023,SARGEANT TRANSPORT,SUPERIOR FOOD SERVICES VIC HJ,(1-1001210017),494226,58987683,'3172501,SO,McCain AUS,29/12/2023,9:01:00 AM
29/12/2023,SARGEANT TRANSPORT,Woolworths Group Ltd 5998,(1-FFP800),494239,82531779,',SO,ALP,29/12/2023,11:02:00 AM
29/12/2023,TASMAN LOGISTICS,Blenners Brisbane,(1-140),494260,19513350,'0008559249,ST,PETERS,29/12/2023,5:01:00 AM
29/12/2023,TASMAN LOGISTICS,Woolworths Ltd (Lineage Laverton),(1-8000194),494261,19495493,'0010108254,SO,PETERS,29/12/2023,4:00:00 PM
29/12/2023,PETERS,Peters Truck 371,(1-371),494661,19523868,'0008568831,IDV,PETERS,29/12/2023,7:00:00 PM
29/12/2023,NOLANS TRANSPORT,Grocery Holdings Pty Ltd,(1-2783119),494653,19523562,'0010108409,SO,PETERS,30/12/2023,6:00:00 AM
29/12/2023,ALP TRUGANINA,The Freckled Duck,(1-FRE830),494640,82533111,',SOG,ALP,29/12/2023,7:30:00 PM
29/12/2023,AUSSIE NORTH TR,GHPL Laverton 9329FF,(1-GHP006-1),494075,82531770,',SO,ALP,29/12/2023,9:03:00 AM
